,Date,Sentiment,Open,Close,NextDayClose,Volume,MarketCap,NextDayChange,Change
1,8-Aug-15,0.17370892,2.79,0.753325,0.701897,"674,188","167,911,000",-0.051428,Decrease
2,9-Aug-15,0.289855072,0.706136,0.701897,0.708448,"532,170","42,637,600",0.006551,Increase
3,10-Aug-15,0.202380952,0.713989,0.708448,1.07,"405,283","43,130,000",0.361552,Increase
4,11-Aug-15,0.103806228,0.708087,1.07,1.22,"1,463,100","42,796,500",0.15,Increase
5,12-Aug-15,0.050505051,1.06,1.22,1.83,"2,150,620","64,018,400",0.61,Increase
6,13-Aug-15,1.298642534,1.22,1.83,1.83,"4,068,680","73,935,400",0,Same
7,14-Aug-15,0.53038674,1.81,1.83,1.69,"4,637,030","109,594,000",-0.14,Decrease
8,15-Aug-15,0.493333333,1.8,1.69,1.57,"2,554,360","109,160,000",-0.12,Decrease
9,16-Aug-15,0.054878049,1.68,1.57,1.2,"3,550,790","102,028,000",-0.37,Decrease
10,17-Aug-15,0.126506024,1.58,1.2,1.09,"1,942,830","95,819,700",-0.11,Decrease
11,18-Aug-15,0.263414634,1.22,1.09,1.26,"1,485,680","88,143,200",0.17,Increase
12,19-Aug-15,0.01618123,1.17,1.26,1.46,"1,486,240","84,663,900",0.2,Increase
13,20-Aug-15,0.251028807,1.25,1.46,1.4,"2,843,760","90,809,000",-0.06,Decrease
14,21-Aug-15,0.546583851,1.48,1.4,1.38,"2,020,970","107,266,000",-0.02,Decrease
15,22-Aug-15,0.272727273,1.4,1.38,1.35,"948,310","101,404,000",-0.03,Decrease
16,23-Aug-15,0.5,1.38,1.35,1.23,"1,589,300","99,894,500",-0.12,Decrease
17,24-Aug-15,0.278688525,1.35,1.23,1.14,"924,920","97,791,600",-0.09,Decrease
18,25-Aug-15,0.052356021,1.23,1.14,1.16,"1,307,180","89,321,900",0.02,Increase
19,26-Aug-15,0.43877551,1.13,1.16,1.15,"1,056,750","82,384,400",-0.01,Decrease
20,27-Aug-15,0.494318182,1.17,1.15,1.19,"686,662","85,106,100",0.04,Increase
21,28-Aug-15,2.409836066,1.15,1.19,1.18,"721,872","83,521,700",-0.01,Decrease
22,29-Aug-15,0.271604938,1.19,1.18,1.32,"375,377","86,887,600",0.14,Increase
23,30-Aug-15,0.052631579,1.18,1.32,1.36,"1,337,650","86,145,900",0.04,Increase
24,31-Aug-15,0.335106383,1.32,1.36,1.35,"1,447,180","96,251,000",-0.01,Decrease
25,1-Sep-15,0.120805369,1.35,1.35,1.29,"778,862","98,617,200",-0.06,Decrease
26,2-Sep-15,0.102102102,1.35,1.29,1.26,"883,769","98,504,600",-0.03,Decrease
27,3-Sep-15,0.625386997,1.3,1.26,1.27,"702,991","94,418,700",0.01,Increase
28,4-Sep-15,-0.515337423,1.26,1.27,1.34,"474,391","92,234,100",0.07,Increase
29,5-Sep-15,1.294303797,1.28,1.34,1.3,"448,453","93,402,300",-0.04,Decrease
30,6-Sep-15,0.636363636,1.34,1.3,1.25,"491,968","97,625,500",-0.05,Decrease
31,7-Sep-15,-0.06,1.3,1.25,1.24,"489,014","94,585,300",-0.01,Decrease
32,8-Sep-15,0.033444816,1.25,1.24,1.21,"427,892","91,020,700",-0.03,Decrease
33,9-Sep-15,0.592391304,1.24,1.21,1.17,"366,748","90,518,300",-0.04,Decrease
34,10-Sep-15,0.728813559,1.21,1.17,0.982978,"662,782","88,230,500",-0.187022,Decrease
35,11-Sep-15,0.220689655,1.16,0.982978,1.04,"1,942,600","85,144,300",0.057022,Increase
36,12-Sep-15,0.38225256,0.987228,1.04,0.936003,"772,430","72,179,000",-0.103997,Decrease
37,13-Sep-15,0.313868613,1.04,0.936003,0.875622,"644,138","76,193,600",-0.060381,Decrease
38,14-Sep-15,0.114649682,0.940566,0.875622,0.94441,"741,085","68,814,400",0.068788,Increase
39,15-Sep-15,0.351955307,0.875189,0.94441,0.907175,"703,390","64,052,400",-0.037235,Decrease
40,16-Sep-15,0.311111111,0.941977,0.907175,0.874231,"615,593","68,963,300",-0.032944,Decrease
41,17-Sep-15,0.28342246,0.906865,0.874231,0.853685,"897,940","66,415,200",-0.020546,Decrease
42,18-Sep-15,0.14673913,0.874574,0.853685,0.882391,"484,622","64,071,300",0.028706,Increase
43,19-Sep-15,0.22705314,0.849603,0.882391,0.938445,"386,988","62,262,700",0.056054,Increase
44,20-Sep-15,0.130136986,0.881191,0.938445,0.919047,"508,314","64,600,000",-0.019398,Decrease
45,21-Sep-15,0.225274725,0.941496,0.919047,0.901796,"424,039","69,045,900",-0.017251,Decrease
46,22-Sep-15,0.084210526,0.919337,0.901796,0.893406,"487,914","67,444,200",-0.00839,Decrease
47,23-Sep-15,0.209039548,0.90356,0.893406,0.81361,"200,541","66,309,600",-0.079796,Decrease
48,24-Sep-15,0.313432836,0.896796,0.81361,0.736223,"842,505","65,836,400",-0.077387,Decrease
49,25-Sep-15,0.2,0.820031,0.736223,0.785964,"903,457","60,221,400",0.049741,Increase
50,26-Sep-15,-0.043478261,0.73763,0.785964,0.720839,"369,620","54,188,900",-0.065125,Decrease
51,27-Sep-15,0.401129944,0.791277,0.720839,0.582886,"413,801","58,149,600",-0.137953,Decrease
52,28-Sep-15,0.425287356,0.723715,0.582886,0.661146,"1,320,890","53,201,800",0.07826,Increase
53,29-Sep-15,0.221698113,0.579414,0.661146,0.738644,"913,992","42,607,700",0.077498,Increase
54,30-Sep-15,0.516393443,0.661192,0.738644,0.690215,"619,926","48,636,600",-0.048429,Decrease
55,1-Oct-15,0.512658228,0.734307,0.690215,0.678574,"596,084","54,032,300",-0.011641,Decrease
56,2-Oct-15,0.528052805,0.683732,0.678574,0.687171,"219,318","50,328,700",0.008597,Increase
57,3-Oct-15,0.136054422,0.678783,0.687171,0.668379,"163,326","49,981,900",-0.018792,Decrease
58,4-Oct-15,2.351351351,0.686343,0.668379,0.628643,"103,497","50,556,000",-0.039736,Decrease
59,5-Oct-15,0.09202454,0.666784,0.628643,0.650645,"234,263","49,131,600",0.022002,Increase
60,6-Oct-15,0.352941176,0.622218,0.650645,0.609388,"262,674","45,863,300",-0.041257,Decrease
61,7-Oct-15,0.277777778,0.650515,0.609388,0.621716,"218,327","47,964,700",0.012328,Increase
62,8-Oct-15,2.412765957,0.609501,0.621716,0.650628,"310,266","44,955,900",0.028912,Increase
63,9-Oct-15,0.216931217,0.655084,0.650628,0.627857,"386,420","48,334,900",-0.022771,Decrease
64,10-Oct-15,0.576271186,0.641187,0.627857,0.634963,"141,555","47,325,200",0.007106,Increase
65,11-Oct-15,0.171428571,0.627461,0.634963,0.62603,"102,128","46,327,500",-0.008933,Decrease
66,12-Oct-15,0.163522013,0.634515,0.62603,0.607655,"109,567","46,864,200",-0.018375,Decrease
67,13-Oct-15,0.484662577,0.627943,0.607655,0.522968,"303,044","46,395,200",-0.084687,Decrease
68,14-Oct-15,0.256666667,0.61224,0.522968,0.561878,"971,664","45,250,600",0.03891,Increase
69,15-Oct-15,0.235294118,0.523278,0.561878,0.536495,"371,022","38,688,300",-0.025383,Decrease
70,16-Oct-15,0.027108434,0.562593,0.536495,0.547178,"249,891","41,608,900",0.010683,Increase
71,17-Oct-15,0.343434343,0.534117,0.547178,0.517734,"313,860","39,515,900",-0.029444,Decrease
72,18-Oct-15,0.054545455,0.547913,0.517734,0.489014,"133,690","40,550,400",-0.02872,Decrease
73,19-Oct-15,0.485148515,0.517621,0.489014,0.434829,"243,742","38,321,300",-0.054185,Decrease
74,20-Oct-15,0.520547945,0.489629,0.434829,0.447329,"383,921","36,261,200",0.0125,Increase
75,21-Oct-15,-0.056497175,0.431589,0.447329,0.567702,"609,085","31,973,600",0.120373,Increase
76,22-Oct-15,0.437869822,0.444988,0.567702,0.539657,"924,822","32,977,300",-0.028045,Decrease
77,23-Oct-15,0.200892857,0.56637,0.539657,0.56359,"878,822","41,986,400",0.023933,Increase
78,24-Oct-15,0.25,0.539681,0.56359,0.616039,"258,356","40,022,100",0.052449,Increase
79,25-Oct-15,0.35915493,0.563207,0.616039,0.731317,"635,384","41,781,300",0.115278,Increase
80,26-Oct-15,0.408284024,0.619743,0.731317,0.869641,"1,089,120","45,991,300",0.138324,Increase
81,27-Oct-15,0.170731707,0.70889,0.869641,1,"1,846,370","52,624,300",0.130359,Increase
82,28-Oct-15,0.558441558,0.870938,1,1.21,"2,373,050","64,676,600",0.21,Increase
83,29-Oct-15,-0.050561798,1.01,1.21,1.04,"2,279,240","74,675,600",-0.17,Decrease
84,30-Oct-15,0.152439024,1.21,1.04,0.916627,"2,429,200","89,857,400",-0.123373,Decrease
85,31-Oct-15,-0.021276596,1.05,0.916627,1.06,"673,892","77,800,300",0.143373,Increase
86,1-Nov-15,0.131086142,0.920847,1.06,0.989789,"588,913","68,477,200",-0.070211,Decrease
87,2-Nov-15,0.277777778,1.06,0.989789,1.01,"1,145,200","78,701,400",0.020211,Increase
88,3-Nov-15,0.248,0.994568,1.01,0.89905,"1,907,690","74,010,000",-0.11095,Decrease
89,4-Nov-15,0.522556391,1.01,0.89905,0.895637,"3,060,340","75,232,400",-0.003413,Decrease
90,5-Nov-15,0.333333333,0.900699,0.895637,0.926032,"1,179,840","67,070,700",0.030395,Increase
91,6-Nov-15,0.550295858,0.904772,0.926032,0.927974,"913,666","67,397,100",0.001942,Increase
92,7-Nov-15,0.292682927,0.923732,0.927974,1.03,"890,187","68,833,200",0.102026,Increase
93,8-Nov-15,-0.166666667,0.915661,1.03,0.999278,"1,021,460","68,254,300",-0.030722,Decrease
94,9-Nov-15,0.06557377,1.03,0.999278,0.934348,"2,045,290","76,991,800",-0.06493,Decrease
95,10-Nov-15,2.579166667,1,0.934348,0.791829,"854,581","74,685,300",-0.142519,Decrease
96,11-Nov-15,0.4,0.941296,0.791829,0.895711,"1,278,580","70,236,200",0.103882,Increase
97,12-Nov-15,2.851674641,0.796455,0.895711,0.904096,"806,156","59,448,700",0.008385,Increase
98,13-Nov-15,1.159192825,0.907722,0.904096,0.888812,"543,671","67,777,000",-0.015284,Decrease
99,14-Nov-15,-0.152317881,0.905469,0.888812,0.906368,"372,514","67,631,900",0.017556,Increase
100,15-Nov-15,0.189781022,0.891217,0.906368,0.928962,"411,848","66,590,200",0.022594,Increase
101,16-Nov-15,1.258064516,0.906166,0.928962,1.01,"620,945","67,730,700",0.081038,Increase
102,17-Nov-15,0.704142012,0.924948,1.01,0.993319,"1,145,440","69,157,900",-0.016681,Decrease
103,18-Nov-15,0.242424242,0.993214,0.993319,0.955532,"681,104","74,287,700",-0.037787,Decrease
104,19-Nov-15,0.81884058,0.988713,0.955532,0.92492,"443,528","73,976,100",-0.030612,Decrease
105,20-Nov-15,0.459915612,0.955735,0.92492,0.97614,"614,335","71,532,500",0.05122,Increase
106,21-Nov-15,0.082644628,0.928758,0.97614,0.968018,"455,976","69,535,300",-0.008122,Decrease
107,22-Nov-15,0.579710145,0.979765,0.968018,0.946969,"372,173","73,378,800",-0.021049,Decrease
108,23-Nov-15,0.3359375,0.967493,0.946969,0.900191,"441,875","72,484,200",-0.046778,Decrease
109,24-Nov-15,0.525,0.946442,0.900191,0.863537,"524,195","70,931,100",-0.036654,Decrease
110,25-Nov-15,0.406060606,0.893827,0.863537,0.884183,"622,991","67,010,200",0.020646,Increase
111,26-Nov-15,0.347593583,0.863273,0.884183,0.867951,"947,473","64,740,900",-0.016232,Decrease
112,27-Nov-15,0.079545455,0.8821,0.867951,0.915703,"403,813","66,174,600",0.047752,Increase
113,28-Nov-15,-0.390151515,0.868102,0.915703,0.878614,"462,464","65,147,000",-0.037089,Decrease
114,29-Nov-15,-0.09352518,0.914144,0.878614,0.873119,"448,358","68,625,100",-0.005495,Decrease
115,30-Nov-15,0.186746988,0.879951,0.873119,0.8748,"784,439","66,080,400",0.001681,Increase
116,1-Dec-15,0.372623574,0.878316,0.8748,0.82121,"652,857","65,980,000",-0.05359,Decrease
117,2-Dec-15,0.324324324,0.873171,0.82121,0.812143,"506,307","65,615,700",-0.009067,Decrease
118,3-Dec-15,0.76300578,0.818546,0.812143,0.840041,"539,969","61,530,500",0.027898,Increase
119,4-Dec-15,0.460122699,0.812082,0.840041,0.862438,"241,278","61,065,700",0.022397,Increase
120,5-Dec-15,0.58045977,0.841195,0.862438,0.8355,"232,743","63,276,000",-0.026938,Decrease
121,6-Dec-15,0.505882353,0.866417,0.8355,0.811264,"443,608","65,194,900",-0.024236,Decrease
122,7-Dec-15,0.721014493,0.836322,0.811264,0.822118,"520,409","62,950,900",0.010854,Increase
123,8-Dec-15,0.255102041,0.806024,0.822118,0.792167,"445,903","60,690,400",-0.029951,Decrease
124,9-Dec-15,0.537878788,0.824454,0.792167,0.840396,"624,221","62,098,400",0.048229,Increase
125,10-Dec-15,0.653409091,0.79559,0.840396,0.929762,"369,589","59,945,000",0.089366,Increase
126,11-Dec-15,0.007042254,0.839995,0.929762,0.976973,"801,072","63,312,400",0.047211,Increase
127,12-Dec-15,0.429447853,0.931196,0.976973,0.952884,"1,376,280","70,210,000",-0.024089,Decrease
128,13-Dec-15,0.628865979,0.971538,0.952884,0.993022,"273,614","73,276,400",0.040138,Increase
129,14-Dec-15,0.386699507,0.95662,0.993022,1.01,"563,436","72,176,400",0.016978,Increase
130,15-Dec-15,0.188888889,0.990589,1.01,0.991182,"578,618","74,764,100",-0.018818,Decrease
131,16-Dec-15,0.950819672,1.02,0.991182,0.940701,"320,767","76,791,600",-0.050481,Decrease
132,17-Dec-15,0.205298013,0.993043,0.940701,0.920127,"640,765","74,999,300",-0.020574,Decrease
133,18-Dec-15,-0.070539419,0.938327,0.920127,0.908072,"300,787","70,890,600",-0.012055,Decrease
134,19-Dec-15,0.525139665,0.921524,0.908072,0.903885,"343,535","69,644,200",-0.004187,Decrease
135,20-Dec-15,-0.007194245,0.90824,0.903885,0.900771,"472,164","68,663,100",-0.003114,Decrease
136,21-Dec-15,-0.335877863,0.906065,0.900771,0.864202,"549,113","68,521,200",-0.036569,Decrease
137,22-Dec-15,0.37593985,0.894973,0.864202,0.858077,"454,249","67,704,600",-0.006125,Decrease
138,23-Dec-15,0.449101796,0.861782,0.858077,0.863262,"334,993","65,215,800",0.005185,Increase
139,24-Dec-15,1.751111111,0.859433,0.863262,0.870363,"354,646","65,060,000",0.007101,Increase
140,25-Dec-15,1.139705882,0.861993,0.870363,0.854603,"187,114","65,275,400",-0.01576,Decrease
141,26-Dec-15,1.963302752,0.870766,0.854603,0.856365,"425,282","65,961,900",0.001762,Increase
142,27-Dec-15,0.448979592,0.853166,0.856365,0.845005,"164,565","64,650,000",-0.01136,Decrease
143,28-Dec-15,0.256944444,0.856356,0.845005,0.873054,"235,134","64,913,200",0.028049,Increase
144,29-Dec-15,0.039473684,0.843835,0.873054,0.911958,"215,742","63,985,600",0.038904,Increase
145,30-Dec-15,0.531034483,0.874258,0.911958,0.933542,"604,078","66,314,200",0.021584,Increase
146,31-Dec-15,0.598425197,0.912098,0.933542,0.948024,"663,994","69,207,400",0.014482,Increase
147,1-Jan-16,0.276190476,0.933712,0.948024,0.937124,"206,062","70,870,900",-0.0109,Decrease
148,2-Jan-16,0.459459459,0.947401,0.937124,0.971905,"255,504","71,933,100",0.034781,Increase
149,3-Jan-16,0.84496124,0.93843,0.971905,0.95448,"407,632","71,275,900",-0.017425,Decrease
150,4-Jan-16,0.064864865,0.972045,0.95448,0.950176,"346,245","73,853,900",-0.004304,Decrease
151,5-Jan-16,0.006849315,0.953147,0.950176,0.95086,"219,833","72,442,400",0.000684,Increase
152,6-Jan-16,0.407407407,0.950028,0.95086,0.942005,"308,791","72,229,700",-0.008855,Decrease
153,7-Jan-16,0.456043956,0.955801,0.942005,0.986789,"647,462","72,692,900",0.044784,Increase
154,8-Jan-16,0.040540541,0.942752,0.986789,0.986833,"545,600","71,724,000",4.40E-05,Increase
155,9-Jan-16,0.24120603,0.985501,0.986833,0.999231,"226,281","75,001,800",0.012398,Increase
156,10-Jan-16,0.460674157,0.985557,0.999231,1.06,"390,888","75,031,200",0.060769,Increase
157,11-Jan-16,0.410958904,0.999216,1.06,1.14,"1,011,920","76,096,500",0.08,Increase
158,12-Jan-16,0.440677966,1.07,1.14,1.13,"2,898,760","81,217,300",-0.01,Decrease
159,13-Jan-16,0.895833333,1.14,1.13,1.19,"1,005,910","86,530,000",0.06,Increase
160,14-Jan-16,0.638461538,1.12,1.19,1.21,"751,961","85,539,300",0.02,Increase
161,15-Jan-16,0.210810811,1.18,1.21,1.22,"3,910,550","90,321,700",0.01,Increase
162,16-Jan-16,1.375,1.22,1.22,1.33,"2,462,630","93,099,400",0.11,Increase
163,17-Jan-16,0.204379562,1.22,1.33,1.43,"1,171,150","93,207,300",0.1,Increase
164,18-Jan-16,0.384615385,1.33,1.43,1.37,"4,278,930","101,699,000",-0.06,Decrease
165,19-Jan-16,-1.634831461,1.42,1.37,1.53,"2,446,740","108,628,000",0.16,Increase
166,20-Jan-16,0.895,1.36,1.53,1.55,"2,933,220","104,124,000",0.02,Increase
167,21-Jan-16,0.254385965,1.53,1.55,1.5,"1,614,960","117,111,000",-0.05,Decrease
168,22-Jan-16,0.571428571,1.55,1.5,1.97,"1,567,240","118,244,000",0.47,Increase
169,23-Jan-16,0.590673575,1.5,1.97,2.14,"7,370,980","115,002,000",0.17,Increase
170,24-Jan-16,-0.030120482,1.9,2.14,2.5,"9,669,770","145,358,000",0.36,Increase
171,25-Jan-16,0.401785714,2.15,2.5,2.28,"10,739,300","164,313,000",-0.22,Decrease
172,26-Jan-16,0.064220183,2.53,2.28,2.39,"13,939,200","193,838,000",0.11,Increase
173,27-Jan-16,0.457894737,2.25,2.39,2.53,"6,961,080","172,061,000",0.14,Increase
174,28-Jan-16,-0.837696335,2.41,2.53,2.49,"4,903,850","184,294,000",-0.04,Decrease
175,29-Jan-16,-1.276422764,2.54,2.49,2.45,"6,662,340","194,815,000",-0.04,Decrease
176,30-Jan-16,-1.403061224,2.51,2.45,2.31,"3,725,080","192,176,000",-0.14,Decrease
177,31-Jan-16,-1.758490566,2.44,2.31,2.21,"5,847,500","187,289,000",-0.1,Decrease
178,1-Feb-16,-0.895287958,2.32,2.21,2.44,"3,994,100","177,881,000",0.23,Increase
179,2-Feb-16,-0.572072072,2.22,2.44,2.53,"3,451,270","169,923,000",0.09,Increase
180,3-Feb-16,-0.412556054,2.43,2.53,2.58,"3,987,750","186,609,000",0.05,Increase
181,4-Feb-16,-0.53,2.53,2.58,2.54,"3,552,320","194,126,000",-0.04,Decrease
182,5-Feb-16,-2.522807018,2.57,2.54,2.53,"2,636,700","197,363,000",-0.01,Decrease
183,6-Feb-16,-1.548821549,2.53,2.53,2.96,"1,921,240","194,621,000",0.43,Increase
184,7-Feb-16,-0.736111111,2.54,2.96,3.18,"7,007,060","194,884,000",0.22,Increase
185,8-Feb-16,-1.829268293,2.97,3.18,4.04,"9,725,690","228,504,000",0.86,Increase
186,9-Feb-16,0.606217617,3.17,4.04,4.44,"17,954,000","244,110,000",0.4,Increase
187,10-Feb-16,0.052631579,4,4.44,6.01,"28,640,400","307,684,000",1.57,Increase
188,11-Feb-16,0.623376623,4.5,6.01,5.55,"26,408,200","345,964,000",-0.46,Decrease
189,12-Feb-16,0.406716418,5.95,5.55,5.39,"23,360,800","457,618,000",-0.16,Decrease
190,13-Feb-16,0.785365854,5.69,5.39,5.24,"24,218,800","437,667,000",-0.15,Decrease
191,14-Feb-16,0.524193548,5.4,5.24,5.29,"11,226,500","416,193,000",0.05,Increase
192,15-Feb-16,0.360655738,5.33,5.29,4.32,"13,934,200","410,643,000",-0.97,Decrease
193,16-Feb-16,-0.063829787,5.33,4.32,3.76,"15,889,100","410,605,000",-0.56,Decrease
194,17-Feb-16,0.515923567,4.29,3.76,4.4,"15,451,000","330,635,000",0.64,Increase
195,18-Feb-16,0.236024845,3.77,4.4,4.74,"17,054,000","291,068,000",0.34,Increase
196,19-Feb-16,0.308108108,4.38,4.74,4.34,"7,666,320","338,222,000",-0.4,Decrease
197,20-Feb-16,0.850746269,4.68,4.34,4.65,"8,631,090","361,281,000",0.31,Increase
198,21-Feb-16,0.325714286,4.36,4.65,5.62,"6,413,550","336,572,000",0.97,Increase
199,22-Feb-16,0.36637931,4.66,5.62,5.59,"15,056,200","360,185,000",-0.03,Decrease
200,23-Feb-16,0.575609756,5.68,5.59,6.24,"13,380,600","439,084,000",0.65,Increase
201,24-Feb-16,0.313609467,5.6,6.24,6.1,"11,426,500","432,977,000",-0.14,Decrease
202,25-Feb-16,0.331683168,6.19,6.1,5.92,"21,471,800","478,149,000",-0.18,Decrease
203,26-Feb-16,0.4,6.04,5.92,6.43,"9,526,860","466,797,000",0.51,Increase
204,27-Feb-16,0.695187166,5.96,6.43,6.47,"8,903,210","461,169,000",0.04,Increase
205,28-Feb-16,0.546875,6.41,6.47,6.34,"9,851,660","495,545,000",-0.13,Decrease
206,29-Feb-16,0.803149606,6.46,6.34,7.65,"7,648,020","499,587,000",1.31,Increase
207,1-Mar-16,0.51875,6.32,7.65,8.47,"23,098,100","489,188,000",0.82,Increase
208,2-Mar-16,0.341463415,7.63,8.47,9.29,"29,130,200","591,078,000",0.82,Increase
209,3-Mar-16,0.423076923,8.44,9.29,10.41,"40,314,900","653,959,000",1.12,Increase
210,4-Mar-16,0.076923077,9.24,10.41,11,"35,520,100","716,027,000",0.59,Increase
211,5-Mar-16,0.386266094,10.37,11,11.38,"56,439,600","803,827,000",0.38,Increase
212,6-Mar-16,0.27607362,11.2,11.38,9.55,"39,112,000","868,736,000",-1.83,Decrease
213,7-Mar-16,0.271889401,11.43,9.55,9.85,"34,085,100","886,447,000",0.3,Increase
214,8-Mar-16,0.544871795,9.58,9.85,11.9,"25,524,300","743,456,000",2.05,Increase
215,9-Mar-16,0.166666667,9.79,11.9,11.3,"27,540,500","760,017,000",-0.6,Decrease
216,10-Mar-16,0.582677165,11.88,11.3,11.08,"26,851,500","922,452,000",-0.22,Decrease
217,11-Mar-16,0.407407407,11.22,11.08,13.53,"21,002,700","871,511,000",2.45,Increase
218,12-Mar-16,0.335907336,11.13,13.53,14.47,"48,957,300","864,733,000",0.94,Increase
219,13-Mar-16,0.280898876,13.51,14.47,12.45,"43,915,100","1,049,930,000",-2.02,Decrease
220,14-Mar-16,0.184079602,14.51,12.45,13.01,"58,385,100","1,128,180,000",0.56,Increase
221,15-Mar-16,0.16064257,13,13.01,12.52,"28,404,500","1,011,090,000",-0.49,Decrease
222,16-Mar-16,0.436464088,13.02,12.52,11.08,"24,335,500","1,013,020,000",-1.44,Decrease
223,17-Mar-16,0.582222222,12.56,11.08,11,"41,650,600","977,389,000",-0.08,Decrease
224,18-Mar-16,0.337777778,11.11,11,10.53,"53,956,800","867,949,000",-0.47,Decrease
225,19-Mar-16,0.525510204,11.2,10.53,10.32,"26,735,700","875,689,000",-0.21,Decrease
226,20-Mar-16,0.363636364,10.52,10.32,11.86,"17,651,100","822,297,000",1.54,Increase
227,21-Mar-16,0.233333333,10.3,11.86,11.27,"28,572,600","805,997,000",-0.59,Decrease
228,22-Mar-16,0.209923664,11.88,11.27,12.42,"19,730,300","929,610,000",1.15,Increase
229,23-Mar-16,0.357142857,11.33,12.42,11.23,"19,353,200","887,595,000",-1.19,Decrease
230,24-Mar-16,0.333333333,12.44,11.23,10.74,"26,081,800","975,295,000",-0.49,Decrease
231,25-Mar-16,-0.054901961,11.26,10.74,10.97,"13,782,000","883,012,000",0.23,Increase
232,26-Mar-16,0.014705882,10.77,10.97,10.42,"9,425,480","844,742,000",-0.55,Decrease
233,27-Mar-16,0.367647059,10.99,10.42,11.67,"16,744,800","862,211,000",1.25,Increase
234,28-Mar-16,0.294930876,10.43,11.67,11.66,"23,188,300","819,007,000",-0.01,Decrease
235,29-Mar-16,0.378378378,11.75,11.66,11.95,"17,684,200","923,114,000",0.29,Increase
236,30-Mar-16,0.139705882,11.61,11.95,11.4,"19,351,200","911,902,000",-0.55,Decrease
237,31-Mar-16,0.406779661,11.92,11.4,11.66,"14,966,700","936,992,000",0.26,Increase
238,1-Apr-16,0.42081448,11.4,11.66,11.6,"11,373,100","896,537,000",-0.06,Decrease
239,2-Apr-16,0.218446602,11.63,11.6,11.62,"8,682,620","914,995,000",0.02,Increase
240,3-Apr-16,0.12804878,11.63,11.62,11.16,"5,580,550","915,175,000",-0.46,Decrease
241,4-Apr-16,0.59832636,11.62,11.16,10.44,"9,599,070","914,560,000",-0.72,Decrease
242,5-Apr-16,0.170454545,11.21,10.44,10.69,"20,557,300","883,170,000",0.25,Increase
243,6-Apr-16,0.289473684,10.45,10.69,10.07,"16,997,100","823,420,000",-0.62,Decrease
244,7-Apr-16,0.306306306,10.7,10.07,9.72,"13,464,500","843,091,000",-0.35,Decrease
245,8-Apr-16,0.236686391,10.08,9.72,9.15,"14,660,600","794,705,000",-0.57,Decrease
246,9-Apr-16,0.614678899,9.69,9.15,8.94,"16,194,800","764,797,000",-0.21,Decrease
247,10-Apr-16,0.319727891,9.15,8.94,8.64,"42,613,400","722,133,000",-0.3,Decrease
248,11-Apr-16,0.450704225,8.94,8.64,7.44,"15,138,100","706,074,000",-1.2,Decrease
249,12-Apr-16,-0.142105263,8.64,7.44,8.04,"23,190,100","682,395,000",0.6,Increase
250,13-Apr-16,0.598484848,7.44,8.04,8.39,"31,403,300","587,994,000",0.35,Increase
251,14-Apr-16,0.651452282,8.08,8.39,8.24,"13,590,700","638,330,000",-0.15,Decrease
252,15-Apr-16,0.369863014,8.39,8.24,8.61,"12,179,000","663,169,000",0.37,Increase
253,16-Apr-16,0.246861925,8.24,8.61,9.31,"9,888,460","651,554,000",0.7,Increase
254,17-Apr-16,0.180851064,8.62,9.31,9.04,"24,619,600","682,467,000",-0.27,Decrease
255,18-Apr-16,0.590909091,9.33,9.04,8.71,"21,084,100","738,916,000",-0.33,Decrease
256,19-Apr-16,0.620498615,9.08,8.71,8.47,"12,899,100","718,825,000",-0.24,Decrease
257,20-Apr-16,1.005586592,8.69,8.47,8.1,"15,634,700","688,434,000",-0.37,Decrease
258,21-Apr-16,0.383050847,8.45,8.1,7.82,"13,355,400","670,104,000",-0.28,Decrease
259,22-Apr-16,0.258064516,8.15,7.82,8.29,"13,309,300","646,298,000",0.47,Increase
260,23-Apr-16,0.413953488,7.79,8.29,8,"14,565,200","618,147,000",-0.29,Decrease
261,24-Apr-16,0.155844156,8.29,8,7.55,"10,786,400","658,203,000",-0.45,Decrease
262,25-Apr-16,0.100558659,8.01,7.55,7.4,"18,239,900","635,784,000",-0.15,Decrease
263,26-Apr-16,0.865051903,7.53,7.4,7.76,"17,667,300","597,819,000",0.36,Increase
264,27-Apr-16,0.1875,7.39,7.76,7.17,"19,254,500","587,076,000",-0.59,Decrease
265,28-Apr-16,0.418604651,7.74,7.17,7.46,"11,576,000","615,316,000",0.29,Increase
266,29-Apr-16,0.221238938,7.21,7.46,8.81,"8,762,080","573,124,000",1.35,Increase
267,30-Apr-16,0.351351351,7.45,8.81,8.85,"36,573,300","592,992,000",0.04,Increase
268,1-May-16,0.550218341,8.78,8.85,10.16,"16,713,800","698,377,000",1.31,Increase
269,2-May-16,0.825657895,8.89,10.16,9.31,"41,019,200","708,137,000",-0.85,Decrease
270,3-May-16,0.555555556,10.17,9.31,9.41,"21,463,900","809,644,000",0.1,Increase
271,4-May-16,0.23880597,9.38,9.41,9.83,"17,622,400","747,638,000",0.42,Increase
272,5-May-16,0.445714286,9.4,9.83,9.35,"18,296,200","749,038,000",-0.48,Decrease
273,6-May-16,0.668269231,9.81,9.35,9.37,"21,510,600","782,261,000",0.02,Increase
274,7-May-16,0.111731844,9.32,9.37,9.48,"10,806,500","743,166,000",0.11,Increase
275,8-May-16,0.337209302,9.37,9.48,9.3,"15,031,000","748,030,000",-0.18,Decrease
276,9-May-16,0.382352941,9.49,9.3,9.36,"13,085,300","758,000,000",0.06,Increase
277,10-May-16,0.212121212,9.28,9.36,10,"9,321,790","741,417,000",0.64,Increase
278,11-May-16,0.510791367,9.43,10,10.06,"15,267,500","753,600,000",0.06,Increase
279,12-May-16,0.464285714,10,10.06,10.51,"24,137,700","798,952,000",0.45,Increase
280,13-May-16,0.191111111,10.06,10.51,10.24,"31,276,900","804,647,000",-0.27,Decrease
281,14-May-16,-0.007633588,10.51,10.24,9.96,"18,808,000","840,395,000",-0.28,Decrease
282,15-May-16,0.538461538,10.24,9.96,11.17,"9,218,400","819,399,000",1.21,Increase
283,16-May-16,0.11409396,9.97,11.17,12.2,"29,079,900","798,116,000",1.03,Increase
284,17-May-16,0.297560976,11.19,12.2,13.56,"37,198,700","896,505,000",1.36,Increase
285,18-May-16,0.232365145,12.18,13.56,14.77,"65,389,900","975,878,000",1.21,Increase
286,19-May-16,0.411764706,13.54,14.77,13.64,"53,757,500","1,085,570,000",-1.13,Decrease
287,20-May-16,0.375,14.85,13.64,14.02,"50,544,100","1,191,080,000",0.38,Increase
288,21-May-16,-0.063492063,13.69,14.02,14.29,"24,648,400","1,098,220,000",0.27,Increase
289,22-May-16,0.194444444,14.04,14.29,13.46,"17,938,900","1,126,810,000",-0.83,Decrease
290,23-May-16,0.646666667,14.28,13.46,12.73,"23,842,800","1,146,470,000",-0.73,Decrease
291,24-May-16,0.141891892,13.31,12.73,12.53,"41,560,600","1,068,670,000",-0.2,Decrease
292,25-May-16,0.229813665,12.79,12.53,12.43,"27,444,700","1,027,940,000",-0.1,Decrease
293,26-May-16,0.399141631,12.52,12.43,11.3,"20,764,000","1,006,080,000",-1.13,Decrease
294,27-May-16,0.568,12.39,11.3,11.89,"57,496,400","996,293,000",0.59,Increase
295,28-May-16,-0.225165563,11.33,11.89,12.35,"47,274,800","911,724,000",0.46,Increase
296,29-May-16,0.512345679,12.11,12.35,12.73,"28,598,400","974,784,000",0.38,Increase
297,30-May-16,0.699300699,12.33,12.73,14.08,"14,733,800","992,329,000",1.35,Increase
298,31-May-16,-0.084656085,12.74,14.08,14,"42,433,400","1,026,410,000",-0.08,Decrease
299,1-Jun-16,0.042553191,14.11,14,13.74,"22,471,300","1,136,900,000",-0.26,Decrease
300,2-Jun-16,0.391566265,13.99,13.74,13.85,"10,477,200","1,127,830,000",0.11,Increase
301,3-Jun-16,0.241860465,13.74,13.85,13.74,"22,981,500","1,108,220,000",-0.11,Decrease
302,4-Jun-16,0.529661017,13.86,13.74,13.97,"15,792,400","1,118,460,000",0.23,Increase
303,5-Jun-16,0.546666667,13.76,13.97,13.93,"11,088,400","1,110,690,000",-0.04,Decrease
304,6-Jun-16,0.6,14,13.93,14.51,"8,720,400","1,130,350,000",0.58,Increase
305,7-Jun-16,0.46,13.95,14.51,14.42,"21,421,600","1,126,330,000",-0.09,Decrease
306,8-Jun-16,0.543624161,14.51,14.42,14.4,"16,941,800","1,172,230,000",-0.02,Decrease
307,9-Jun-16,-0.029411765,14.43,14.4,13.91,"8,256,830","1,166,450,000",-0.49,Decrease
308,10-Jun-16,0.47260274,14.38,13.91,14.19,"11,312,900","1,162,500,000",0.28,Increase
309,11-Jun-16,0.186602871,13.91,14.19,15.74,"12,176,500","1,125,180,000",1.55,Increase
310,12-Jun-16,0.269662921,14.19,15.74,17.6,"38,210,300","1,148,070,000",1.86,Increase
311,13-Jun-16,0.085227273,15.77,17.6,18.89,"38,023,400","1,276,930,000",1.29,Increase
312,14-Jun-16,0.014925373,17.61,18.89,18.35,"64,412,200","1,426,500,000",-0.54,Decrease
313,15-Jun-16,0.175531915,18.91,18.35,20.59,"19,393,400","1,531,790,000",2.24,Increase
314,16-Jun-16,0.455,18.36,20.59,15.38,"38,531,000","1,488,420,000",-5.21,Decrease
315,17-Jun-16,0.32038835,20.65,15.38,11.33,"199,408,000","1,674,540,000",-4.05,Decrease
316,18-Jun-16,0.265625,15.38,11.33,12.23,"133,937,000","1,247,530,000",0.9,Increase
317,19-Jun-16,0.1375,11.17,12.23,11.84,"69,783,600","906,292,000",-0.39,Decrease
318,20-Jun-16,-0.494680851,12.24,11.84,13.31,"58,143,600","993,503,000",1.47,Increase
319,21-Jun-16,0.477987421,11.82,13.31,13.1,"69,245,600","960,014,000",-0.21,Decrease
320,22-Jun-16,0.445054945,13.2,13.1,13.68,"96,994,100","1,072,510,000",0.58,Increase
321,23-Jun-16,-0.093596059,13.22,13.68,14.33,"30,806,400","1,074,240,000",0.65,Increase
322,24-Jun-16,0.032967033,13.68,14.33,14.28,"33,332,900","1,112,590,000",-0.05,Decrease
323,25-Jun-16,-0.073913043,14.3,14.28,13.85,"15,383,100","1,163,530,000",-0.43,Decrease
324,26-Jun-16,0.08974359,14.26,13.85,13.88,"14,747,600","1,160,590,000",0.03,Increase
325,27-Jun-16,0.206666667,13.81,13.88,12.18,"10,994,700","1,124,170,000",-1.7,Decrease
326,28-Jun-16,0.022321429,13.93,12.18,12.61,"43,436,600","1,134,340,000",0.43,Increase
327,29-Jun-16,1.897368421,12.17,12.61,12.46,"26,982,800","991,926,000",-0.15,Decrease
328,30-Jun-16,-0.101265823,12.6,12.46,12.2,"15,801,300","1,027,260,000",-0.26,Decrease
329,1-Jul-16,0.055214724,12.44,12.2,12.13,"17,236,500","1,014,220,000",-0.07,Decrease
330,2-Jul-16,0.125,12.22,12.13,11.72,"8,987,070","996,510,000",-0.41,Decrease
331,3-Jul-16,0.450236967,12.12,11.72,11.47,"10,588,700","989,132,000",-0.25,Decrease
332,4-Jul-16,0.40167364,11.7,11.47,10.61,"12,943,500","954,849,000",-0.86,Decrease
333,5-Jul-16,0.28021978,11.46,10.61,10.53,"45,526,900","935,730,000",-0.08,Decrease
334,6-Jul-16,0.736842105,10.58,10.53,10.11,"18,137,300","864,063,000",-0.42,Decrease
335,7-Jul-16,-0.159763314,10.54,10.11,11.39,"15,407,200","861,144,000",1.28,Increase
336,8-Jul-16,0.357664234,10.12,11.39,10.97,"20,039,800","827,090,000",-0.42,Decrease
337,9-Jul-16,0.268292683,11.42,10.97,10.95,"17,254,800","933,946,000",-0.02,Decrease
338,10-Jul-16,0.564417178,10.96,10.95,10.46,"5,479,240","896,899,000",-0.49,Decrease
339,11-Jul-16,0.220657277,10.94,10.46,10.52,"13,098,000","895,670,000",0.06,Increase
340,12-Jul-16,0.711111111,10.45,10.52,10.5,"11,127,700","855,555,000",-0.02,Decrease
341,13-Jul-16,-0.22754491,10.51,10.5,11.51,"6,715,660","860,770,000",1.01,Increase
342,14-Jul-16,0.230769231,10.6,11.51,11.95,"23,621,900","868,509,000",0.44,Increase
343,15-Jul-16,0.150793651,11.5,11.95,11.65,"26,838,900","942,817,000",-0.3,Decrease
344,16-Jul-16,0.577464789,11.92,11.65,11.16,"10,445,700","977,658,000",-0.49,Decrease
345,17-Jul-16,0.257142857,11.62,11.16,11.03,"17,921,600","953,762,000",-0.13,Decrease
346,18-Jul-16,0.2265625,11.17,11.03,11.62,"15,931,900","917,151,000",0.59,Increase
347,19-Jul-16,0.316239316,11.05,11.62,12.45,"21,730,000","907,135,000",0.83,Increase
348,20-Jul-16,0.129533679,11.59,12.45,12.65,"60,226,100","952,143,000",0.2,Increase
349,21-Jul-16,-0.155251142,12.46,12.65,14.66,"24,636,900","1,024,000,000",2.01,Increase
350,22-Jul-16,0.125,12.66,14.66,14.3,"74,779,500","1,040,640,000",-0.36,Decrease
351,23-Jul-16,0.201183432,14.67,14.3,12.75,"32,489,700","1,206,190,000",-1.55,Decrease
352,24-Jul-16,0.209677419,14.3,12.75,13.84,"77,750,800","1,176,250,000",1.09,Increase
353,25-Jul-16,0.301369863,12.74,13.84,11.99,"36,673,800","1,048,920,000",-1.85,Decrease
354,26-Jul-16,0.171171171,13.82,11.99,12.97,"94,428,800","1,137,660,000",0.98,Increase
355,27-Jul-16,0.117948718,12.05,12.97,12.84,"58,278,800","992,645,000",-0.13,Decrease
356,28-Jul-16,0.406091371,12.98,12.84,12.79,"24,603,900","1,069,560,000",-0.05,Decrease
357,29-Jul-16,-0.245614035,12.84,12.79,12.46,"14,082,300","1,058,220,000",-0.33,Decrease
358,30-Jul-16,0.695906433,12.8,12.46,11.88,"9,047,810","1,055,410,000",-0.58,Decrease
359,31-Jul-16,-0.077419355,12.44,11.88,10.94,"25,441,400","1,026,310,000",-0.94,Decrease
360,1-Aug-16,0.031390135,11.89,10.94,8.79,"23,999,500","981,735,000",-2.15,Decrease
361,2-Aug-16,0.096,10.95,8.79,10.29,"88,803,300","903,978,000",1.5,Increase
362,3-Aug-16,0.572052402,8.88,10.29,11.04,"53,979,400","733,204,000",0.75,Increase
363,4-Aug-16,0.388888889,10.31,11.04,10.93,"38,151,400","851,992,000",-0.11,Decrease
364,5-Aug-16,-0.366197183,11.02,10.93,10.88,"15,487,900","910,856,000",-0.05,Decrease
365,6-Aug-16,0.642384106,10.92,10.88,10.91,"16,712,600","902,752,000",0.03,Increase
366,7-Aug-16,0.470588235,10.86,10.91,11.25,"16,551,000","898,340,000",0.34,Increase
367,8-Aug-16,0.134199134,10.91,11.25,12.24,"14,956,700","903,184,000",0.99,Increase
368,9-Aug-16,0.655405405,11.27,12.24,12.14,"36,656,600","933,431,000",-0.1,Decrease
369,10-Aug-16,0.455284553,12.23,12.14,11.69,"28,096,300","1,012,910,000",-0.45,Decrease
370,11-Aug-16,-0.22815534,12.14,11.69,11.78,"17,505,000","1,005,720,000",0.09,Increase
371,12-Aug-16,0.186813187,11.69,11.78,11.57,"13,690,100","968,865,000",-0.21,Decrease
372,13-Aug-16,0.287179487,11.77,11.57,11.19,"7,539,490","975,999,000",-0.38,Decrease
373,14-Aug-16,0.344827586,11.58,11.19,11.22,"8,680,160","960,855,000",0.03,Increase
374,15-Aug-16,0.41958042,11.2,11.22,11.14,"7,500,840","929,558,000",-0.08,Decrease
375,16-Aug-16,0.080213904,11.23,11.14,10.75,"7,051,510","932,162,000",-0.39,Decrease
376,17-Aug-16,-0.069767442,11.13,10.75,10.76,"8,833,760","924,591,000",0.01,Increase
377,18-Aug-16,0.230046948,10.75,10.76,10.75,"6,935,800","892,903,000",-0.01,Decrease
378,19-Aug-16,0.3,10.75,10.75,11.25,"5,390,850","893,156,000",0.5,Increase
379,20-Aug-16,0.277777778,10.75,11.25,11.18,"7,443,540","893,814,000",-0.07,Decrease
380,21-Aug-16,0.529032258,11.25,11.18,11.12,"4,355,660","936,015,000",-0.06,Decrease
381,22-Aug-16,0.044585987,11.19,11.12,11.03,"6,588,920","930,708,000",-0.09,Decrease
382,23-Aug-16,0.554913295,11.14,11.03,11.04,"6,489,380","927,065,000",0.01,Increase
383,24-Aug-16,1.618644068,11.02,11.04,11.36,"4,423,420","918,039,000",0.32,Increase
384,25-Aug-16,0.586021505,11.03,11.36,11.3,"8,552,380","918,977,000",-0.06,Decrease
385,26-Aug-16,0.8,11.35,11.3,11.15,"5,857,850","946,092,000",-0.15,Decrease
386,27-Aug-16,0.321888412,11.29,11.15,10.93,"15,108,400","941,585,000",-0.22,Decrease
387,28-Aug-16,0.592857143,11.15,10.93,10.98,"5,303,040","929,690,000",0.05,Increase
388,29-Aug-16,0.422222222,10.92,10.98,11.23,"8,130,540","910,698,000",0.25,Increase
389,30-Aug-16,0.204081633,10.99,11.23,11.67,"7,221,260","917,474,000",0.44,Increase
390,31-Aug-16,-0.027173913,11.24,11.67,11.99,"11,073,700","938,406,000",0.32,Increase
391,1-Sep-16,-0.074766355,11.67,11.99,12.11,"24,051,500","974,844,000",0.12,Increase
392,2-Sep-16,0.193333333,11.96,12.11,11.76,"9,368,300","999,757,000",-0.35,Decrease
393,3-Sep-16,0.409638554,12.11,11.76,11.68,"13,358,800","1,012,580,000",-0.08,Decrease
394,4-Sep-16,-0.009615385,11.75,11.68,11.72,"7,220,550","982,952,000",0.04,Increase
395,5-Sep-16,0.304635762,11.68,11.72,11.69,"5,724,100","977,169,000",-0.03,Decrease
396,6-Sep-16,0.079646018,11.73,11.69,11.55,"6,346,330","981,303,000",-0.14,Decrease
397,7-Sep-16,0.6133829,11.69,11.55,11.35,"6,115,050","979,087,000",-0.2,Decrease
398,8-Sep-16,0.50877193,11.55,11.35,11.65,"11,535,000","967,010,000",0.3,Increase
399,9-Sep-16,0.256410256,11.41,11.65,12.17,"6,109,200","956,210,000",0.52,Increase
400,10-Sep-16,0.285714286,11.66,12.17,11.64,"7,220,300","977,515,000",-0.53,Decrease
401,11-Sep-16,0.302631579,12.21,11.64,11.89,"8,791,180","1,023,640,000",0.25,Increase
402,12-Sep-16,0.222689076,11.64,11.89,11.92,"7,478,080","976,645,000",0.03,Increase
403,13-Sep-16,-0.48,11.89,11.92,11.92,"11,704,300","997,638,000",0,Same
404,14-Sep-16,0.705394191,11.9,11.92,11.94,"5,694,820","999,352,000",0.02,Increase
405,15-Sep-16,0.58677686,11.94,11.94,12.56,"7,309,090","1,002,970,000",0.62,Increase
406,16-Sep-16,0.53164557,11.96,12.56,12.7,"17,421,500","1,004,740,000",0.14,Increase
407,17-Sep-16,0.057803468,12.56,12.7,12.43,"7,446,610","1,055,440,000",-0.27,Decrease
408,18-Sep-16,0.232432432,12.69,12.43,13.19,"22,433,300","1,066,620,000",0.76,Increase
409,19-Sep-16,-0.030172414,12.44,13.19,14.43,"13,838,800","1,045,870,000",1.24,Increase
410,20-Sep-16,0.509803922,13.21,14.43,13.77,"31,929,100","1,111,810,000",-0.66,Decrease
411,21-Sep-16,0.224489796,14.43,13.77,13.25,"28,645,000","1,214,950,000",-0.52,Decrease
412,22-Sep-16,-0.309859155,13.66,13.25,13.33,"27,382,800","1,150,650,000",0.08,Increase
413,23-Sep-16,0.240310078,13.21,13.33,12.88,"9,166,430","1,112,590,000",-0.45,Decrease
414,24-Sep-16,0.465408805,13.32,12.88,13.1,"9,824,880","1,122,670,000",0.22,Increase
415,25-Sep-16,0.696132597,12.85,13.1,12.82,"5,283,440","1,083,510,000",-0.28,Decrease
416,26-Sep-16,0.611111111,13.17,12.82,13.1,"7,213,070","1,110,700,000",0.28,Increase
417,27-Sep-16,0.146341463,12.86,13.1,13.27,"6,831,070","1,085,330,000",0.17,Increase
418,28-Sep-16,0.031914894,13.11,13.27,13.07,"10,239,000","1,106,330,000",-0.2,Decrease
419,29-Sep-16,1.271551724,13.28,13.07,13.22,"5,990,630","1,121,060,000",0.15,Increase
420,30-Sep-16,-0.040358744,13.08,13.22,13.17,"5,950,840","1,104,530,000",-0.05,Decrease
421,1-Oct-16,0.327956989,13.2,13.17,13.2,"6,331,160","1,115,690,000",0.03,Increase
422,2-Oct-16,0.610859729,13.18,13.2,13.45,"4,079,660","1,114,200,000",0.25,Increase
423,3-Oct-16,0.624242424,13.2,13.45,13.28,"7,458,320","1,116,600,000",-0.17,Decrease
424,4-Oct-16,1.034334764,13.45,13.28,13.04,"8,348,280","1,137,980,000",-0.24,Decrease
425,5-Oct-16,0.384615385,13.28,13.04,12.85,"9,881,370","1,124,270,000",-0.19,Decrease
426,6-Oct-16,0.4875,13.03,12.85,12.67,"12,044,800","1,102,940,000",-0.18,Decrease
427,7-Oct-16,0.079365079,12.85,12.67,12.22,"8,933,050","1,088,570,000",-0.45,Decrease
428,8-Oct-16,0.136363636,12.67,12.22,12.05,"11,611,200","1,073,990,000",-0.17,Decrease
429,9-Oct-16,0.43877551,12.22,12.05,11.76,"7,208,480","1,035,590,000",-0.29,Decrease
430,10-Oct-16,0.197969543,12.06,11.76,11.79,"10,809,200","1,022,860,000",0.03,Increase
431,11-Oct-16,0.06640625,11.76,11.79,11.93,"11,727,700","997,949,000",0.14,Increase
432,12-Oct-16,0.12173913,11.78,11.93,11.96,"9,694,640","1,000,220,000",0.03,Increase
433,13-Oct-16,0.344947735,11.91,11.96,11.94,"8,665,190","1,011,190,000",-0.02,Decrease
434,14-Oct-16,0.308016878,11.99,11.94,11.98,"4,333,510","1,018,390,000",0.04,Increase
435,15-Oct-16,0.747311828,11.94,11.98,11.95,"4,991,840","1,014,280,000",-0.03,Decrease
436,16-Oct-16,0.565217391,11.98,11.95,12.01,"3,617,280","1,018,540,000",0.06,Increase
437,17-Oct-16,1.075697211,11.96,12.01,12.59,"5,724,440","1,016,710,000",0.58,Increase
438,18-Oct-16,0.971830986,12,12.59,12.02,"18,864,200","1,020,530,000",-0.57,Decrease
439,19-Oct-16,0.670731707,12.59,12.02,12.1,"10,576,200","1,071,710,000",0.08,Increase
440,20-Oct-16,1.139896373,12.05,12.1,12.18,"8,170,760","1,025,620,000",0.08,Increase
441,21-Oct-16,0.319371728,12.13,12.18,12.07,"5,676,920","1,033,140,000",-0.11,Decrease
442,22-Oct-16,0.666666667,12.18,12.07,12.04,"7,583,820","1,037,850,000",-0.03,Decrease
443,23-Oct-16,0.479768786,12.13,12.04,11.97,"5,774,660","1,033,970,000",-0.07,Decrease
444,24-Oct-16,0.463768116,12.04,11.97,11.41,"5,739,690","1,026,400,000",-0.56,Decrease
445,25-Oct-16,0.515337423,11.97,11.41,11.53,"19,316,000","1,020,850,000",0.12,Increase
446,26-Oct-16,0.560283688,11.38,11.53,11.5,"10,221,800","971,440,000",-0.03,Decrease
447,27-Oct-16,0.663636364,11.53,11.5,11.09,"13,255,400","984,361,000",-0.41,Decrease
448,28-Oct-16,0.25877193,11.47,11.09,10.44,"13,971,500","979,916,000",-0.65,Decrease
449,29-Oct-16,0.461111111,11.1,10.44,11.18,"27,070,400","948,271,000",0.74,Increase
450,30-Oct-16,0.198795181,10.43,11.18,11,"16,694,900","891,164,000",-0.18,Decrease
451,31-Oct-16,0.253658537,11.23,11,10.77,"13,393,900","960,008,000",-0.23,Decrease
452,1-Nov-16,0.222222222,10.96,10.77,10.75,"22,901,300","937,123,000",-0.02,Decrease
453,2-Nov-16,0.201438849,10.77,10.75,10.8,"11,691,700","921,691,000",0.05,Increase
454,3-Nov-16,0.558375635,10.8,10.8,11.09,"15,228,600","924,097,000",0.29,Increase
455,4-Nov-16,0.243243243,10.82,11.09,11,"9,958,040","926,129,000",-0.09,Decrease
456,5-Nov-16,0.350649351,11.09,11,10.87,"5,502,670","950,213,000",-0.13,Decrease
457,6-Nov-16,0.464480874,10.99,10.87,10.81,"5,688,710","941,729,000",-0.06,Decrease
458,7-Nov-16,0.165413534,10.9,10.81,10.83,"5,992,480","934,536,000",0.02,Increase
459,8-Nov-16,0.496688742,10.85,10.83,10.66,"6,258,150","930,345,000",-0.17,Decrease
460,9-Nov-16,0.085526316,10.82,10.66,10.52,"14,606,600","928,063,000",-0.14,Decrease
461,10-Nov-16,0.284023669,10.67,10.52,10.29,"4,253,980","915,940,000",-0.23,Decrease
462,11-Nov-16,-0.125,10.51,10.29,9.88,"6,056,300","902,479,000",-0.41,Decrease
463,12-Nov-16,0.086734694,10.29,9.88,10.1,"10,052,500","883,780,000",0.22,Increase
464,13-Nov-16,0.63681592,9.89,10.1,9.97,"8,227,770","849,342,000",-0.13,Decrease
465,14-Nov-16,0.785714286,10.1,9.97,10.22,"3,573,250","867,755,000",0.25,Increase
466,15-Nov-16,0.255319149,9.97,10.22,10.06,"6,557,550","857,223,000",-0.16,Decrease
467,16-Nov-16,1.195555556,10.22,10.06,9.99,"9,533,550","878,610,000",-0.07,Decrease
468,17-Nov-16,0.356097561,10.06,9.99,9.48,"6,984,700","865,393,000",-0.51,Decrease
469,18-Nov-16,0.170212766,9.99,9.48,9.66,"10,816,100","859,571,000",0.18,Increase
470,19-Nov-16,0.613861386,9.48,9.66,9.58,"5,186,540","816,380,000",-0.08,Decrease
471,20-Nov-16,0.032608696,9.66,9.58,9.62,"5,173,420","832,050,000",0.04,Increase
472,21-Nov-16,0.62,9.58,9.62,9.91,"3,663,210","825,381,000",0.29,Increase
473,22-Nov-16,0.481927711,9.63,9.91,9.84,"11,284,400","829,616,000",-0.07,Decrease
474,23-Nov-16,0.333333333,9.92,9.84,9.23,"4,812,310","855,265,000",-0.61,Decrease
475,24-Nov-16,0.274725275,9.85,9.23,9.4,"15,987,800","849,229,000",0.17,Increase
476,25-Nov-16,0.53960396,9.23,9.4,9.33,"7,669,720","796,268,000",-0.07,Decrease
477,26-Nov-16,0.331683168,9.42,9.33,9,"3,505,990","812,795,000",-0.33,Decrease
478,27-Nov-16,0.566666667,9.31,9,8.72,"8,707,660","804,085,000",-0.28,Decrease
479,28-Nov-16,0.467661692,9,8.72,8.17,"6,046,890","777,311,000",-0.55,Decrease
480,29-Nov-16,0.59375,8.73,8.17,8.59,"17,000,400","754,307,000",0.42,Increase
481,30-Nov-16,0.506493506,8.16,8.59,8.45,"10,626,600","705,040,000",-0.14,Decrease
482,1-Dec-16,1.168181818,8.6,8.45,7.76,"5,882,340","743,882,000",-0.69,Decrease
483,2-Dec-16,0.371584699,8.46,7.76,7.92,"18,579,800","731,520,000",0.16,Increase
484,3-Dec-16,0.674698795,7.77,7.92,7.44,"12,112,100","672,138,000",-0.48,Decrease
485,4-Dec-16,0.400943396,7.9,7.44,6.82,"8,450,790","684,258,000",-0.62,Decrease
486,5-Dec-16,0.47810219,7.41,6.82,7.87,"17,344,500","641,820,000",1.05,Increase
487,6-Dec-16,0.781350482,6.8,7.87,8.38,"50,671,200","589,548,000",0.51,Increase
488,7-Dec-16,0.698039216,7.89,8.38,8.23,"22,229,600","684,258,000",-0.15,Decrease
489,8-Dec-16,0.616915423,8.38,8.23,8.45,"16,042,700","726,878,000",0.22,Increase
490,9-Dec-16,0.677339901,8.17,8.45,8.13,"12,916,300","708,468,000",-0.32,Decrease
491,10-Dec-16,0.562248996,8.44,8.13,8.19,"8,108,370","732,173,000",0.06,Increase
492,11-Dec-16,0.646808511,8.13,8.19,8.52,"5,545,500","705,363,000",0.33,Increase
493,12-Dec-16,0.631578947,8.19,8.52,8.42,"9,119,700","711,348,000",-0.1,Decrease
494,13-Dec-16,0.713432836,8.52,8.42,8.27,"4,486,190","740,099,000",-0.15,Decrease
495,14-Dec-16,0.612794613,8.45,8.27,7.83,"7,337,220","734,382,000",-0.44,Decrease
496,15-Dec-16,0.566371681,8.24,7.83,7.86,"13,184,400","715,861,000",0.03,Increase
497,16-Dec-16,0.251336898,7.86,7.86,7.88,"5,178,610","683,399,000",0.02,Increase
498,17-Dec-16,0.394230769,7.86,7.88,7.87,"8,502,620","683,357,000",-0.01,Decrease
499,18-Dec-16,0.577981651,7.86,7.87,7.64,"5,890,020","684,028,000",-0.23,Decrease
500,19-Dec-16,0.634408602,7.87,7.64,7.66,"5,894,760","685,054,000",0.02,Increase
501,20-Dec-16,0.786163522,7.63,7.66,7.91,"6,313,550","664,772,000",0.25,Increase
502,21-Dec-16,0.590038314,7.66,7.91,7.58,"9,393,550","667,625,000",-0.33,Decrease
503,22-Dec-16,0.482625483,7.9,7.58,7.17,"16,376,700","688,380,000",-0.41,Decrease
504,23-Dec-16,0.949541284,7.58,7.17,7.27,"19,613,100","660,546,000",0.1,Increase
505,24-Dec-16,0.87987013,7.15,7.27,7.18,"7,626,020","623,759,000",-0.09,Decrease
506,25-Dec-16,0.642533937,7.26,7.18,7.27,"8,671,840","633,792,000",0.09,Increase
507,26-Dec-16,0.698529412,7.13,7.27,7.17,"5,836,810","622,439,000",-0.1,Decrease
508,27-Dec-16,0.772908367,7.28,7.17,7.52,"8,778,610","635,260,000",0.35,Increase
509,28-Dec-16,0.65,7.15,7.52,8.28,"17,453,300","624,359,000",0.76,Increase
510,29-Dec-16,0.89539749,7.54,8.28,8.16,"27,543,800","658,674,000",-0.12,Decrease
511,30-Dec-16,0.465384615,8.29,8.16,7.97,"13,909,900","724,528,000",-0.19,Decrease
512,31-Dec-16,0.209558824,8.15,7.97,8.17,"9,066,800","712,662,000",0.2,Increase
513,1-Jan-17,0.541818182,7.98,8.17,8.38,"14,731,700","698,149,000",0.21,Increase
514,2-Jan-17,0.450199203,8.17,8.38,9.73,"14,579,600","714,900,000",1.35,Increase
515,3-Jan-17,0.515418502,8.37,9.73,11.25,"33,625,200","732,988,000",1.52,Increase
516,4-Jan-17,0.648809524,9.71,11.25,10.25,"41,051,200","850,115,000",-1,Decrease
517,5-Jan-17,0.721238938,11.29,10.25,10.25,"41,557,400","988,599,000",0,Same
518,6-Jan-17,0.557522124,10.29,10.25,9.87,"29,471,800","901,249,000",-0.38,Decrease
519,7-Jan-17,0.658273381,10.24,9.87,10.29,"23,153,600","897,636,000",0.42,Increase
520,8-Jan-17,0.333333333,9.87,10.29,10.33,"16,676,600","865,667,000",0.04,Increase
521,9-Jan-17,0.295454545,10.31,10.33,10.55,"25,718,300","904,682,000",0.22,Increase
522,10-Jan-17,0.5,10.37,10.55,9.72,"10,879,700","909,897,000",-0.83,Decrease
523,11-Jan-17,0.664974619,10.54,9.72,9.86,"26,823,500","925,320,000",0.14,Increase
524,12-Jan-17,0.423913043,9.72,9.86,9.77,"30,453,800","853,638,000",-0.09,Decrease
525,13-Jan-17,0.669950739,9.83,9.77,9.65,"25,066,600","863,241,000",-0.12,Decrease
526,14-Jan-17,0.124260355,9.79,9.65,9.9,"20,085,800","859,971,000",0.25,Increase
527,15-Jan-17,0.787610619,9.83,9.9,9.64,"14,837,900","864,037,000",-0.26,Decrease
528,16-Jan-17,0.515,9.88,9.64,10.3,"14,937,400","869,126,000",0.66,Increase
529,17-Jan-17,0.340425532,9.64,10.3,10.23,"18,391,900","847,981,000",-0.07,Decrease
530,18-Jan-17,0.435185185,10.3,10.23,10.4,"10,788,200","906,079,000",0.17,Increase
531,19-Jan-17,0.429245283,10.24,10.4,10.6,"8,347,550","901,484,000",0.2,Increase
532,20-Jan-17,0.124223602,10.39,10.6,10.91,"10,992,800","914,696,000",0.31,Increase
533,21-Jan-17,0.754385965,10.6,10.91,10.7,"11,937,600","933,405,000",-0.21,Decrease
534,22-Jan-17,0.588039867,10.91,10.7,10.82,"8,678,620","961,463,000",0.12,Increase
535,23-Jan-17,0.362385321,10.71,10.82,10.63,"7,267,210","944,159,000",-0.19,Decrease
536,24-Jan-17,0.945701357,10.73,10.63,10.57,"8,327,330","946,083,000",-0.06,Decrease
537,25-Jan-17,0.557768924,10.62,10.57,10.59,"6,751,450","936,769,000",0.02,Increase
538,26-Jan-17,0.326829268,10.57,10.59,10.54,"8,465,020","932,575,000",-0.05,Decrease
539,27-Jan-17,0.407643312,10.58,10.54,10.56,"7,189,170","934,404,000",0.02,Increase
540,28-Jan-17,0.576208178,10.54,10.56,10.48,"6,580,700","930,688,000",-0.08,Decrease
541,29-Jan-17,0.327659574,10.56,10.48,10.57,"4,689,950","933,087,000",0.09,Increase
542,30-Jan-17,0.32885906,10.49,10.57,10.73,"8,042,180","927,415,000",0.16,Increase
543,31-Jan-17,0.829059829,10.56,10.73,10.73,"11,648,700","933,975,000",0,Same
544,1-Feb-17,0.338164251,10.74,10.73,10.82,"12,852,200","949,969,000",0.09,Increase
545,2-Feb-17,0.665271967,10.74,10.82,11.11,"10,172,500","949,793,000",0.29,Increase
546,3-Feb-17,0.344086022,10.81,11.11,11.43,"12,897,800","956,944,000",0.32,Increase
547,4-Feb-17,0.23255814,11.13,11.43,11.35,"14,139,500","985,277,000",-0.08,Decrease
548,5-Feb-17,0.735849057,11.44,11.35,11.39,"5,942,960","1,013,400,000",0.04,Increase
549,6-Feb-17,0.482758621,11.35,11.39,11.52,"5,695,440","1,005,930,000",0.13,Increase
550,7-Feb-17,0.232673267,11.43,11.52,11.43,"7,629,640","1,012,620,000",-0.09,Decrease
551,8-Feb-17,0.457627119,11.54,11.43,11.03,"9,688,630","1,023,170,000",-0.4,Decrease
552,9-Feb-17,0.359090909,11.44,11.03,11.28,"18,400,300","1,014,280,000",0.25,Increase
553,10-Feb-17,0.25433526,11.04,11.28,11.35,"11,914,200","979,961,000",0.07,Increase
554,11-Feb-17,0.21025641,11.29,11.35,11.4,"7,544,520","1,002,130,000",0.05,Increase
555,12-Feb-17,0.371428571,11.35,11.4,11.27,"6,264,900","1,008,030,000",-0.13,Decrease
556,13-Feb-17,0.395522388,11.38,11.27,13.03,"7,216,520","1,011,080,000",1.76,Increase
557,14-Feb-17,-0.08,11.29,13.03,12.92,"42,911,500","1,002,810,000",-0.11,Decrease
558,15-Feb-17,0.315508021,13.04,12.92,12.9,"18,464,700","1,159,000,000",-0.02,Decrease
559,16-Feb-17,0.472527473,12.92,12.9,12.68,"38,002,600","1,148,860,000",-0.22,Decrease
560,17-Feb-17,0.51396648,12.9,12.68,12.81,"11,636,500","1,147,260,000",0.13,Increase
561,18-Feb-17,0.94980695,12.71,12.81,12.76,"9,370,010","1,130,750,000",-0.05,Decrease
562,19-Feb-17,0.345177665,12.82,12.76,12.43,"7,799,740","1,140,870,000",-0.33,Decrease
563,20-Feb-17,0.650735294,12.77,12.43,12.67,"12,994,400","1,136,610,000",0.24,Increase
564,21-Feb-17,0.739495798,12.34,12.67,12.6,"15,183,300","1,099,330,000",-0.07,Decrease
565,22-Feb-17,1.306382979,12.69,12.6,13.12,"10,360,900","1,130,460,000",0.52,Increase
566,23-Feb-17,0.457711443,12.6,13.12,13.07,"14,522,300","1,122,910,000",-0.05,Decrease
567,24-Feb-17,0.300578035,13.13,13.07,13.55,"19,574,400","1,171,110,000",0.48,Increase
568,25-Feb-17,0.779816514,13.06,13.55,14.52,"18,533,900","1,165,230,000",0.97,Increase
569,26-Feb-17,0.61965812,13.52,14.52,15.4,"20,307,500","1,206,150,000",0.88,Increase
570,27-Feb-17,0.62195122,14.51,15.4,15.82,"31,667,000","1,294,770,000",0.42,Increase
571,28-Feb-17,0.701030928,15.45,15.82,17.35,"65,478,900","1,379,600,000",1.53,Increase
572,1-Mar-17,1.1197411,15.85,17.35,19.03,"44,927,500","1,415,510,000",1.68,Increase
573,2-Mar-17,0.346666667,17.36,19.03,19.46,"83,627,100","1,550,750,000",0.43,Increase
574,3-Mar-17,0.566523605,19.04,19.46,18.62,"95,863,400","1,702,140,000",-0.84,Decrease
575,4-Mar-17,0.461538462,19.52,18.62,19.3,"27,341,900","1,745,140,000",0.68,Increase
576,5-Mar-17,0.063829787,18.5,19.3,19.61,"26,816,300","1,655,030,000",0.31,Increase
577,6-Mar-17,0.081081081,19.28,19.61,18.89,"32,432,700","1,725,360,000",-0.72,Decrease
578,7-Mar-17,0.391752577,19.58,18.89,16.65,"37,972,200","1,752,530,000",-2.24,Decrease
579,8-Mar-17,0.402597403,18.88,16.65,17.75,"44,304,600","1,690,760,000",1.1,Increase
580,9-Mar-17,0.158974359,16.64,17.75,19.33,"31,418,400","1,490,500,000",1.58,Increase
581,10-Mar-17,0.373134328,17.74,19.33,21.47,"87,506,800","1,589,640,000",2.14,Increase
582,11-Mar-17,0.562770563,19.37,21.47,23.44,"69,150,100","1,736,630,000",1.97,Increase
583,12-Mar-17,0.396103896,21.46,23.44,28.59,"74,628,900","1,924,660,000",5.15,Increase
584,13-Mar-17,0.27173913,23.5,28.59,28.65,"255,488,000","2,108,300,000",0.06,Increase
585,14-Mar-17,0.678111588,28.57,28.65,35.06,"101,797,000","2,563,700,000",6.41,Increase
586,15-Mar-17,0.539325843,28.65,35.06,46.35,"170,344,000","2,571,160,000",11.29,Increase
587,16-Mar-17,0.535971223,35.36,46.35,46.83,"454,418,000","3,174,750,000",0.48,Increase
588,17-Mar-17,0.456521739,45.93,46.83,34.16,"497,534,000","4,125,480,000",-12.67,Decrease
589,18-Mar-17,0.558951965,46.87,34.16,44.74,"262,180,000","4,211,830,000",10.58,Increase
590,19-Mar-17,0.365384615,35.53,44.74,43.39,"239,430,000","3,193,600,000",-1.35,Decrease
591,20-Mar-17,0.362162162,44.83,43.39,43.15,"154,701,000","4,031,270,000",-0.24,Decrease
592,21-Mar-17,0.165,43.51,43.15,42.34,"91,265,400","3,913,620,000",-0.81,Decrease
593,22-Mar-17,0.527173913,43.12,42.34,43.68,"113,952,000","3,880,120,000",1.34,Increase
594,23-Mar-17,0.348837209,42.57,43.68,53.11,"100,724,000","3,831,310,000",9.43,Increase
595,24-Mar-17,0.03875969,43.64,53.11,51.25,"297,046,000","3,929,230,000",-1.86,Decrease
596,25-Mar-17,0.370044053,53.58,51.25,50.52,"223,059,000","4,825,700,000",-0.73,Decrease
597,26-Mar-17,0.596,50.77,50.52,49.67,"106,859,000","4,574,540,000",-0.85,Decrease
598,27-Mar-17,0.138888889,51.31,49.67,50.77,"118,978,000","4,624,990,000",1.1,Increase
599,28-Mar-17,0.86784141,49.71,50.77,53.13,"97,745,300","4,482,160,000",2.36,Increase
600,29-Mar-17,0.217391304,50.57,53.13,52.21,"144,998,000","4,561,150,000",-0.92,Decrease
601,30-Mar-17,0.426778243,53.12,52.21,50.04,"86,885,700","4,793,280,000",-2.17,Decrease
602,31-Mar-17,0.594713656,51.75,50.04,50.7,"151,416,000","4,671,190,000",0.66,Increase
603,1-Apr-17,0.223628692,50.03,50.7,48.75,"92,461,900","4,517,510,000",-1.95,Decrease
604,2-Apr-17,0.463114754,50.74,48.75,44.36,"134,604,000","4,582,700,000",-4.39,Decrease
605,3-Apr-17,0.145945946,48.82,44.36,44.64,"190,513,000","4,411,030,000",0.28,Increase
606,4-Apr-17,0.409937888,43.92,44.64,45.3,"157,568,000","3,969,730,000",0.66,Increase
607,5-Apr-17,-0.075471698,44.66,45.3,43.24,"119,733,000","4,037,940,000",-2.06,Decrease
608,6-Apr-17,0.608040201,45.22,43.24,42.16,"147,120,000","4,089,930,000",-1.08,Decrease
609,7-Apr-17,0.270386266,42.87,42.16,44.31,"81,474,700","3,878,210,000",2.15,Increase
610,8-Apr-17,0.408045977,41.8,44.31,43.27,"74,138,800","3,783,000,000",-1.04,Decrease
611,9-Apr-17,0.601036269,44.28,43.27,43.44,"55,143,000","4,009,010,000",0.17,Increase
612,10-Apr-17,0.449704142,43.28,43.44,43.41,"44,061,500","3,919,520,000",-0.03,Decrease
613,11-Apr-17,0.049327354,43.5,43.41,46.29,"38,303,300","3,941,100,000",2.88,Increase
614,12-Apr-17,0.447513812,43.46,46.29,50.22,"88,045,700","3,938,930,000",3.93,Increase
615,13-Apr-17,0.408888889,46.31,50.22,47.57,"157,200,000","4,198,420,000",-2.65,Decrease
616,14-Apr-17,0.761061947,49.97,47.57,49.1,"91,674,400","4,531,810,000",1.53,Increase
617,15-Apr-17,0.862244898,47.65,49.1,48.72,"66,207,800","4,323,100,000",-0.38,Decrease
618,16-Apr-17,0.788888889,49.04,48.72,48.3,"31,343,800","4,450,140,000",-0.42,Decrease
619,17-Apr-17,0.623655914,48.66,48.3,50.71,"44,013,300","4,417,310,000",2.41,Increase
620,18-Apr-17,0.129032258,48.32,50.71,48.31,"78,748,500","4,387,860,000",-2.4,Decrease
621,19-Apr-17,0.222857143,50.73,48.31,49.67,"76,281,000","4,608,260,000",1.36,Increase
622,20-Apr-17,0.651612903,48.13,49.67,48.22,"79,600,900","4,373,800,000",-1.45,Decrease
623,21-Apr-17,0.397660819,49.64,48.22,48.55,"45,048,300","4,512,610,000",0.33,Increase
624,22-Apr-17,0.425149701,48.18,48.55,48.49,"37,357,600","4,381,290,000",-0.06,Decrease
625,23-Apr-17,0.436936937,48.59,48.49,50.03,"36,234,000","4,420,040,000",1.54,Increase
626,24-Apr-17,0.617142857,48.87,50.03,49.89,"55,580,600","4,446,470,000",-0.14,Decrease
627,25-Apr-17,0.404371585,50.07,49.89,52.72,"38,264,600","4,557,870,000",2.83,Increase
628,26-Apr-17,0.560209424,49.91,52.72,62.17,"104,884,000","4,544,370,000",9.45,Increase
629,27-Apr-17,0.260869565,52.81,62.17,70.16,"246,775,000","4,809,630,000",7.99,Increase
630,28-Apr-17,0.251256281,62.23,70.16,68.38,"346,546,000","5,669,550,000",-1.78,Decrease
631,29-Apr-17,0.525490196,71.39,68.38,79.02,"165,448,000","6,506,490,000",10.64,Increase
632,30-Apr-17,0.383886256,68.54,79.02,76.3,"229,945,000","6,248,840,000",-2.72,Decrease
633,1-May-17,0.731707317,79.32,76.3,77.26,"376,842,000","7,234,070,000",0.96,Increase
634,2-May-17,0.424050633,76.65,77.26,79.72,"193,773,000","6,992,980,000",2.46,Increase
635,3-May-17,0.23880597,77.25,79.72,96.98,"141,922,000","7,050,050,000",17.26,Increase
636,4-May-17,0.569306931,79.72,96.98,94.4,"366,847,000","7,277,480,000",-2.58,Decrease
637,5-May-17,0.556862745,96.73,94.4,97.81,"331,928,000","8,833,520,000",3.41,Increase
638,6-May-17,0.604395604,94.91,97.81,94.01,"151,462,000","8,669,910,000",-3.8,Decrease
639,7-May-17,0.965116279,97.87,94.01,91.42,"183,295,000","8,942,950,000",-2.59,Decrease
640,8-May-17,0.559322034,93.75,91.42,91.16,"231,344,000","8,569,060,000",-0.26,Decrease
641,9-May-17,0.797101449,91.23,91.16,89.52,"363,434,000","8,341,490,000",-1.64,Decrease
642,10-May-17,0.556053812,91.15,89.52,89.88,"145,602,000","8,337,180,000",0.36,Increase
643,11-May-17,0.853107345,89.77,89.88,88.66,"132,722,000","8,213,570,000",-1.22,Decrease
644,12-May-17,0.4,89.43,88.66,90.84,"145,825,000","8,184,930,000",2.18,Increase
645,13-May-17,0.352564103,88.69,90.84,90.79,"88,742,200","8,120,390,000",-0.05,Decrease
646,14-May-17,0.411392405,90.87,90.79,92.41,"66,046,600","8,322,380,000",1.62,Increase
647,15-May-17,0.111111111,90.78,92.41,89.44,"170,999,000","8,316,930,000",-2.97,Decrease
648,16-May-17,0.455813953,92.39,89.44,89.86,"152,285,000","8,466,470,000",0.42,Increase
649,17-May-17,0.329218107,89.25,89.86,96.91,"183,031,000","8,181,520,000",7.05,Increase
650,18-May-17,0.470588235,89.84,96.91,129.53,"196,237,000","8,238,110,000",32.62,Increase
651,19-May-17,0.048689139,97.05,129.53,126.52,"626,945,000","8,902,240,000",-3.01,Decrease
652,20-May-17,0.820627803,129.22,126.52,157.94,"331,455,000","11,856,600,000",31.42,Increase
653,21-May-17,0.357664234,127.54,157.94,174.26,"570,361,000","11,705,700,000",16.32,Increase
654,22-May-17,0.214285714,158.17,174.26,181.95,"1,188,910,000","14,522,100,000",7.69,Increase
655,23-May-17,0.148148148,170.82,181.95,190.05,"530,709,000","15,688,000,000",8.1,Increase
656,24-May-17,0.189054726,182.65,190.05,174.45,"561,014,000","16,779,700,000",-15.6,Decrease
657,25-May-17,0.278074866,189.85,174.45,160.4,"943,637,000","17,446,600,000",-14.05,Decrease
658,26-May-17,0.410958904,175.22,160.4,157.76,"792,458,000","16,107,000,000",-2.64,Decrease
659,27-May-17,0.29245283,159.82,157.76,170.51,"1,217,060,000","14,696,000,000",12.75,Increase
660,28-May-17,0.623255814,158.82,170.51,194.91,"717,971,000","14,608,600,000",24.4,Increase
661,29-May-17,0.151376147,170.13,194.91,231.91,"718,828,000","15,654,600,000",37,Increase
662,30-May-17,0.272340426,195.61,231.91,230.67,"1,586,670,000","18,004,700,000",-1.24,Decrease
663,31-May-17,0.107692308,231.58,230.67,222.24,"1,271,600,000","21,321,900,000",-8.43,Decrease
664,1-Jun-17,0.355731225,230.89,222.24,223.78,"812,924,000","21,264,800,000",1.54,Increase
665,2-Jun-17,0.448,222.29,223.78,224.38,"469,532,000","20,479,000,000",0.6,Increase
666,3-Jun-17,0.092664093,223.46,224.38,245.33,"427,896,000","20,593,500,000",20.95,Increase
667,4-Jun-17,0.463519313,224.12,245.33,248.46,"753,820,000","20,659,800,000",3.13,Increase
668,5-Jun-17,0.308695652,245.26,248.46,264.47,"435,660,000","22,615,800,000",16.01,Increase
669,6-Jun-17,0.271255061,248.6,264.47,258.07,"741,553,000","22,930,400,000",-6.4,Decrease
670,7-Jun-17,0.4375,264.26,258.07,261.67,"461,649,000","24,382,200,000",3.6,Increase
671,8-Jun-17,0.212435233,257.99,261.67,281.74,"385,494,000","23,810,900,000",20.07,Increase
672,9-Jun-17,0.427083333,261.75,281.74,337.67,"557,986,000","24,165,000,000",55.93,Increase
673,10-Jun-17,0.314984709,282.01,337.67,340.61,"1,611,630,000","26,043,700,000",2.94,Increase
674,11-Jun-17,0.272727273,338.79,340.61,401.49,"1,373,220,000","31,296,800,000",60.88,Increase
675,12-Jun-17,0.166089965,341.16,401.49,397.54,"2,882,650,000","31,525,300,000",-3.95,Decrease
676,13-Jun-17,0.571428571,395.69,397.54,359.05,"1,717,380,000","36,574,500,000",-38.49,Decrease
677,14-Jun-17,0.423611111,397.59,359.05,361.93,"1,272,580,000","36,761,600,000",2.88,Increase
678,15-Jun-17,0.280991736,358.51,361.93,370.23,"2,463,450,000","33,158,200,000",8.3,Increase
679,16-Jun-17,0.317948718,361.18,370.23,379.41,"1,096,280,000","33,415,800,000",9.18,Increase
680,17-Jun-17,0.398230088,369.88,379.41,371.46,"904,653,000","34,231,300,000",-7.95,Decrease
681,18-Jun-17,0.262222222,379.52,371.46,370.06,"904,703,000","35,133,800,000",-1.4,Decrease
682,19-Jun-17,0.620915033,371.86,370.06,359,"685,172,000","34,435,700,000",-11.06,Decrease
683,20-Jun-17,0.209401709,370.33,359,336.87,"1,020,390,000","34,304,000,000",-22.13,Decrease
684,21-Jun-17,0.053278689,359.54,336.87,336.37,"1,420,130,000","33,310,500,000",-0.5,Decrease
685,22-Jun-17,0.161825726,337.73,336.37,341.74,"925,767,000","31,302,600,000",5.37,Increase
686,23-Jun-17,0.210300429,336.49,341.74,323.7,"593,207,000","31,195,900,000",-18.04,Decrease
687,24-Jun-17,0.281481481,341.63,323.7,303.25,"673,585,000","31,681,300,000",-20.45,Decrease
688,25-Jun-17,0.511363636,323.47,303.25,272.69,"1,186,880,000","30,005,900,000",-30.56,Decrease
689,26-Jun-17,0.268292683,302.95,272.69,293.09,"2,081,810,000","28,111,200,000",20.4,Increase
690,27-Jun-17,0.689781022,272.69,293.09,327.93,"1,973,870,000","25,309,700,000",34.84,Increase
691,28-Jun-17,0.217213115,293.04,327.93,302.88,"2,056,550,000","27,207,000,000",-25.05,Decrease
692,29-Jun-17,0.481481481,328.37,302.88,294.92,"1,508,580,000","30,495,300,000",-7.96,Decrease
693,30-Jun-17,0.652317881,303.15,294.92,274.6,"1,011,800,000","28,161,900,000",-20.32,Decrease
694,1-Jul-17,0.761133603,293.35,274.6,287.99,"1,089,200,000","27,259,400,000",13.39,Increase
695,2-Jul-17,0.75862069,275.12,287.99,282.9,"1,123,330,000","25,572,800,000",-5.09,Decrease
696,3-Jul-17,0.85840708,288.41,282.9,273.3,"851,408,000","26,815,900,000",-9.6,Decrease
697,4-Jul-17,0.34841629,282.19,273.3,268.77,"687,691,000","26,245,000,000",-4.53,Decrease
698,5-Jul-17,0.3125,273.1,268.77,270.55,"790,256,000","25,406,900,000",1.78,Increase
699,6-Jul-17,0.434579439,268.86,270.55,245.99,"623,080,000","25,019,500,000",-24.56,Decrease
700,7-Jul-17,1.147368421,270.35,245.99,251.7,"687,252,000","25,160,800,000",5.71,Increase
701,8-Jul-17,0.454935622,245.89,251.7,242.14,"754,958,000","22,890,700,000",-9.56,Decrease
702,9-Jul-17,0.435294118,251.82,242.14,215.36,"505,118,000","23,454,700,000",-26.78,Decrease
703,10-Jul-17,0.137704918,243.01,215.36,197.4,"937,219,000","22,640,500,000",-17.96,Decrease
704,11-Jul-17,0.32195122,211.53,197.4,230.77,"1,440,950,000","19,712,300,000",33.37,Increase
705,12-Jul-17,0.181415929,197.15,230.77,209.73,"1,241,190,000","18,377,600,000",-21.04,Decrease
706,13-Jul-17,0.303738318,231.81,209.73,199.66,"828,489,000","21,613,900,000",-10.07,Decrease
707,14-Jul-17,0.066371681,209.53,199.66,170.66,"749,382,000","19,541,300,000",-29,Decrease
708,15-Jul-17,0.265217391,199.71,170.66,157.36,"810,452,000","18,630,200,000",-13.3,Decrease
709,16-Jul-17,0.157894737,169.57,157.36,193.42,"1,516,890,000","15,823,100,000",36.06,Increase
710,17-Jul-17,0.371584699,159.99,193.42,234.39,"1,669,500,000","14,932,700,000",40.97,Increase
711,18-Jul-17,0.08839779,195.03,234.39,199.7,"2,709,260,000","18,207,400,000",-34.69,Decrease
712,19-Jul-17,-0.204545455,234.94,199.7,227.26,"2,328,790,000","21,939,300,000",27.56,Increase
713,20-Jul-17,0.350253807,205.42,227.26,218.31,"2,225,000,000","19,187,800,000",-8.95,Decrease
714,21-Jul-17,0.340336134,226.06,218.31,229.48,"1,006,130,000","21,121,100,000",11.17,Increase
715,22-Jul-17,0.520467836,217.86,229.48,225.95,"618,260,000","20,360,100,000",-3.53,Decrease
716,23-Jul-17,0.22519084,229.12,225.95,224.71,"649,615,000","21,418,300,000",-1.24,Decrease
717,24-Jul-17,0.532915361,226.28,224.71,206.71,"431,691,000","21,158,500,000",-18,Decrease
718,25-Jul-17,0.346153846,224.37,206.71,203.95,"1,095,760,000","20,985,200,000",-2.76,Decrease
719,26-Jul-17,0.115577889,207.09,203.95,204.32,"717,692,000","19,373,400,000",0.37,Increase
720,27-Jul-17,0.41025641,204.86,204.32,193.12,"393,283,000","19,169,800,000",-11.2,Decrease
721,28-Jul-17,0.544502618,204.32,193.12,205.79,"562,571,000","19,125,100,000",12.67,Increase
722,29-Jul-17,0.578723404,193.34,205.79,197.98,"824,355,000","18,101,800,000",-7.81,Decrease
723,30-Jul-17,0.422053232,206.74,197.98,203.87,"596,234,000","19,360,900,000",5.89,Increase
724,31-Jul-17,0.527918782,197.41,203.87,226.77,"569,414,000","18,492,000,000",22.9,Increase
725,1-Aug-17,0.432989691,204.69,226.77,219.95,"1,585,330,000","19,179,100,000",-6.82,Decrease
726,2-Aug-17,0.506896552,227.01,219.95,225.34,"632,606,000","21,275,200,000",5.39,Increase
727,3-Aug-17,0.355855856,220.18,225.34,223.07,"557,217,000","20,640,100,000",-2.27,Decrease
728,4-Aug-17,0.318965517,225.31,223.07,256.51,"539,783,000","21,125,600,000",33.44,Increase
729,5-Aug-17,0.452282158,222.85,256.51,261.57,"1,333,000,000","20,900,000,000",5.06,Increase
730,6-Aug-17,0.30875576,256.42,261.57,269.18,"1,482,980,000","24,053,500,000",7.61,Increase
731,7-Aug-17,0.368663594,261.24,269.18,296.77,"935,727,000","24,511,000,000",27.59,Increase
732,8-Aug-17,0.636752137,269.1,296.77,296.03,"1,502,410,000","25,254,600,000",-0.74,Decrease
733,9-Aug-17,0.462365591,297.63,296.03,295.89,"2,638,580,000","27,938,700,000",-0.14,Decrease
734,10-Aug-17,0.548736462,296.96,295.89,308.86,"1,076,820,000","27,882,200,000",12.97,Increase
735,11-Aug-17,0.388888889,294.5,308.86,310.6,"953,576,000","27,657,000,000",1.74,Increase
736,12-Aug-17,0.30875576,308.71,310.6,298.06,"1,111,650,000","28,998,700,000",-12.54,Decrease
737,13-Aug-17,0.568,310.37,298.06,300.1,"1,369,370,000","29,161,100,000",2.04,Increase
738,14-Aug-17,0.777429467,298.03,300.1,289.82,"864,391,000","28,008,700,000",-10.28,Decrease
739,15-Aug-17,0.47112462,299.95,289.82,302.27,"1,051,800,000","28,195,800,000",12.45,Increase
740,16-Aug-17,0.165919283,289.82,302.27,301.46,"967,643,000","27,249,700,000",-0.81,Decrease
741,17-Aug-17,0.257918552,302.81,301.46,295.59,"909,494,000","28,477,500,000",-5.87,Decrease
742,18-Aug-17,0.819327731,301.7,295.59,297.47,"936,160,000","28,380,200,000",1.88,Increase
743,19-Aug-17,0.261044177,296.18,297.47,301.43,"860,202,000","27,867,900,000",3.96,Increase
744,20-Aug-17,0.380530973,296.64,301.43,321.59,"571,947,000","27,918,100,000",20.16,Increase
745,21-Aug-17,0.666666667,300.48,321.59,314.79,"2,448,970,000","28,285,500,000",-6.8,Decrease
746,22-Aug-17,0.408450704,321.06,314.79,317.52,"1,336,400,000","30,229,900,000",2.73,Increase
747,23-Aug-17,0.632478632,315.27,317.52,325.61,"811,990,000","29,691,900,000",8.09,Increase
748,24-Aug-17,0.306976744,317.45,325.61,331.92,"697,665,000","29,904,600,000",6.31,Increase
749,25-Aug-17,0.328205128,326.11,331.92,333.88,"760,329,000","30,727,900,000",1.96,Increase
750,26-Aug-17,0.331950207,331.99,333.88,347.89,"514,181,000","31,288,300,000",14.01,Increase
751,27-Aug-17,0.56302521,334.36,347.89,347.75,"633,370,000","31,517,500,000",-0.14,Decrease
752,28-Aug-17,0.757847534,350.04,347.75,370.67,"854,319,000","33,002,700,000",22.92,Increase
753,29-Aug-17,0.355102041,347.96,370.67,378.49,"1,220,030,000","32,813,200,000",7.82,Increase
754,30-Aug-17,0.474708171,369.47,378.49,383.04,"1,333,320,000","34,848,400,000",4.55,Increase
755,31-Aug-17,0.575,378.44,383.04,387.74,"706,254,000","35,701,500,000",4.7,Increase
756,1-Sep-17,0.489051095,383.47,387.74,348.98,"874,222,000","36,182,900,000",-38.76,Decrease
757,2-Sep-17,0.589090909,387.82,348.98,347.48,"1,483,600,000","36,601,200,000",-1.5,Decrease
758,3-Sep-17,0.637426901,350.23,347.48,295.17,"986,266,000","33,059,800,000",-52.31,Decrease
759,4-Sep-17,0.285714286,347.13,295.17,312.99,"1,801,690,000","32,774,000,000",17.82,Increase
760,5-Sep-17,0.436170213,297.57,312.99,334.34,"1,551,050,000","28,100,000,000",21.35,Increase
761,6-Sep-17,0.477272727,313.8,334.34,329.43,"1,058,830,000","29,639,100,000",-4.91,Decrease
762,7-Sep-17,0.730627306,333.52,329.43,296.5,"718,624,000","31,507,500,000",-32.93,Decrease
763,8-Sep-17,0.411111111,329.64,296.5,294.4,"1,098,780,000","31,147,200,000",-2.1,Decrease
764,9-Sep-17,0.222222222,296.17,294.4,288.75,"528,621,000","27,990,500,000",-5.65,Decrease
765,10-Sep-17,0.315589354,294.06,288.75,294.53,"698,326,000","27,797,200,000",5.78,Increase
766,11-Sep-17,0.56884058,289.75,294.53,291.46,"571,307,000","27,394,400,000",-3.07,Decrease
767,12-Sep-17,0.269406393,294.63,291.46,277.11,"753,144,000","27,861,800,000",-14.35,Decrease
768,13-Sep-17,0.230508475,291.12,277.11,213.91,"921,692,000","27,535,700,000",-63.2,Decrease
769,14-Sep-17,0.306818182,276.59,213.91,250.46,"1,184,590,000","26,166,100,000",36.55,Increase
770,15-Sep-17,0.252788104,215.22,250.46,246.52,"1,935,700,000","20,364,900,000",-3.94,Decrease
771,16-Sep-17,0.294117647,250.87,246.52,251.75,"711,737,000","23,742,600,000",5.23,Increase
772,17-Sep-17,0.474747475,245.85,251.75,293.5,"427,452,000","23,272,500,000",41.75,Increase
773,18-Sep-17,0.215189873,252.23,293.5,282.8,"1,127,750,000","23,881,200,000",-10.7,Decrease
774,19-Sep-17,0.468438538,293.66,282.8,283.74,"646,909,000","27,809,300,000",0.94,Increase
775,20-Sep-17,0.852,282.01,283.74,258.58,"421,404,000","26,712,400,000",-25.16,Decrease
776,21-Sep-17,0.826612903,283.26,258.58,264.31,"601,266,000","26,836,000,000",5.73,Increase
777,22-Sep-17,0.396551724,258.11,264.31,286.17,"430,081,000","24,458,400,000",21.86,Increase
778,23-Sep-17,0.096774194,264.6,286.17,282.48,"450,934,000","25,077,100,000",-3.69,Decrease
779,24-Sep-17,0.322463768,286.21,282.48,292.33,"571,411,000","27,129,900,000",9.85,Increase
780,25-Sep-17,0.212244898,282.22,292.33,287.44,"483,161,000","26,755,500,000",-4.89,Decrease
781,26-Sep-17,0.878151261,292.35,287.44,306.47,"345,801,000","27,720,000,000",19.03,Increase
782,27-Sep-17,0.262295082,287.02,306.47,299.15,"550,244,000","27,219,400,000",-7.32,Decrease
783,28-Sep-17,0.475655431,306.47,299.15,291.47,"501,894,000","29,068,700,000",-7.68,Decrease
784,29-Sep-17,0.402542373,299.12,291.47,301.46,"541,375,000","28,375,900,000",9.99,Increase
785,30-Sep-17,0.371859296,291.48,301.46,302.34,"332,439,000","27,655,200,000",0.88,Increase
786,1-Oct-17,0.279816514,301.55,302.34,297.48,"306,185,000","28,615,200,000",-4.86,Decrease
787,2-Oct-17,0.024390244,302.48,297.48,292.46,"339,443,000","28,708,500,000",-5.02,Decrease
